ID_Cliente,Edad,Tipo_Contrato,Cargos_Mensuales,Meses_Antiguedad,Abandono,Tipo_Contrato_Num,Abandono_Num
CLI-1000,21.0,Mensual,88.91512886663564,2,Si,1,1
CLI-1001,51.0,Anual,89.28813394698703,53,No,0,0
CLI-1002,54.0,Mensual,81.25214908856881,70,Si,1,1
CLI-1003,44.0,Mensual,73.01965544635667,43,No,1,0
CLI-1004,72.0,Anual,60.182303447330845,55,No,0,0
CLI-1005,35.0,Mensual,88.45366706006179,39,Si,1,1
CLI-1006,50.0,Mensual,36.31931589062086,35,No,1,0
CLI-1007,73.0,Anual,80.93258867732818,44,No,0,0
CLI-1008,77.0,Mensual,61.983368037943706,62,No,1,0
CLI-1009,31.0,Anual,22.3586323061342,12,No,0,0
CLI-1010,67.0,Mensual,32.23807272259655,18,No,1,0
CLI-1012,39.0,Mensual,110.87532949437866,38,Si,1,1
CLI-1013,77.0,Mensual,95.83023053187055,35,Si,1,1
CLI-1014,68.0,Anual,23.39158775083348,32,No,0,0
CLI-1015,64.0,Mensual,69.64269662321897,43,No,1,0
CLI-1016,76.0,Mensual,37.68907464273525,1,No,1,0
CLI-1017,76.0,Mensual,109.28905237176815,6,No,1,0
CLI-1018,27.0,Mensual,54.39229978477915,51,No,1,0
CLI-1019,27.0,Mensual,35.71338880836315,66,Si,1,1
CLI-1020,39.0,Mensual,22.29811207856161,53,Si,1,1
CLI-1021,72.0,Mensual,40.74840126459725,48,Si,1,1
CLI-1022,20.0,Mensual,54.2609672546404,59,Si,1,1
CLI-1023,67.0,Mensual,24.516112979039598,24,No,1,0
CLI-1024,20.0,Mensual,31.984205391911495,23,Si,1,1
CLI-1025,30.0,Anual,115.6351406879929,51,No,0,0
CLI-1026,45.0,Anual,92.77788387972323,54,No,0,0
CLI-1027,46.0,Mensual,55.923056718251665,45,No,1,0
CLI-1028,18.0,Anual,49.28360494047034,6,Si,0,1
CLI-1029,28.0,Anual,63.97746136641856,50,No,0,0
CLI-1030,82.0,Anual,109.67723699094785,57,Si,0,1
CLI-1031,73.0,Anual,119.49519865257177,67,Si,0,1
CLI-1032,67.0,Anual,80.9593212319607,18,No,0,0
CLI-1033,19.0,Mensual,119.4263138607391,38,No,1,0
CLI-1034,77.0,Mensual,59.52152227746206,21,No,1,0
CLI-1035,34.0,Anual,72.66160994989414,71,Si,0,1
CLI-1036,37.0,Mensual,95.42151582609668,39,Si,1,1
CLI-1037,62.0,Anual,65.66540321218676,49,Si,0,1
CLI-1038,68.0,Mensual,31.85527997822374,66,Si,1,1
CLI-1039,84.0,Anual,44.332897869851955,22,Si,0,1
CLI-1040,76.0,Mensual,70.39270751618524,16,No,1,0
CLI-1041,77.0,Anual,20.87574364440658,28,Si,0,1
CLI-1042,65.0,Mensual,21.506907385476975,71,No,1,0
CLI-1043,38.0,Anual,48.71341813780478,21,Si,0,1
CLI-1044,32.0,Anual,114.72656895067134,27,Si,0,1
CLI-1045,78.0,Mensual,109.74337389551414,8,No,1,0
CLI-1046,42.0,Mensual,80.60330659548512,1,Si,1,1
CLI-1047,80.0,Mensual,111.51485613864065,25,Si,1,1
CLI-1048,71.0,Mensual,78.56984440966411,56,No,1,0
CLI-1049,77.0,Mensual,109.59235321335726,28,No,1,0
CLI-1050,18.0,Mensual,93.22382112046493,53,Si,1,1
CLI-1051,74.0,Anual,98.25744581687081,37,No,0,0
CLI-1052,54.0,Anual,43.02366130888299,27,No,0,0
CLI-1053,56.0,Mensual,86.7568856503717,62,Si,1,1
CLI-1054,24.0,Anual,66.09103762947194,35,No,0,0
CLI-1055,83.0,Anual,73.46587301999186,37,Si,0,1
CLI-1056,36.0,Mensual,115.06296241986072,40,No,1,0
CLI-1057,63.0,Mensual,32.623003714936154,68,Si,1,1
CLI-1058,47.0,Mensual,52.178004201712284,25,No,1,0
CLI-1059,43.0,Anual,24.03991447225296,24,Si,0,1
CLI-1060,50.0,Mensual,35.330562365208344,4,No,1,0
CLI-1061,29.0,Anual,85.23681249865494,35,No,0,0
CLI-1062,54.0,Mensual,26.42336505427934,12,No,1,0
CLI-1063,48.0,Mensual,89.50489934638743,70,No,1,0
CLI-1064,53.0,Mensual,20.169498983324445,38,Si,1,1
CLI-1065,52.0,Mensual,48.24321896602129,27,Si,1,1
CLI-1066,34.0,Mensual,86.8593753579694,65,Si,1,1
CLI-1067,59.0,Mensual,43.28205211471466,42,Si,1,1
CLI-1068,19.0,Anual,103.26795688225333,1,No,0,0
CLI-1069,53.0,Mensual,90.66769407299095,44,Si,1,1
CLI-1070,57.0,Anual,82.16937978024507,67,No,0,0
CLI-1071,56.0,Mensual,46.55058544954518,67,Si,1,1
CLI-1072,24.0,Mensual,33.62757294890555,25,No,1,0
CLI-1073,18.0,Mensual,60.93097828390406,49,Si,1,1
CLI-1074,73.0,Mensual,30.785058837310423,51,Si,1,1
CLI-1075,37.0,Anual,53.01155914178005,3,Si,0,1
CLI-1076,44.0,Mensual,57.82697251914684,59,No,1,0
CLI-1077,44.0,Anual,70.4612562818767,65,Si,0,1
CLI-1078,36.0,Anual,67.83036188548459,23,No,0,0
CLI-1079,83.0,Mensual,67.30920758699074,7,No,1,0
CLI-1080,36.0,Anual,67.44721289342388,25,Si,0,1
CLI-1081,40.0,Anual,107.8812048241818,64,Si,0,1
CLI-1083,80.0,Mensual,31.32170139879981,23,Si,1,1
CLI-1084,18.0,Anual,22.923640001899276,63,No,0,0
CLI-1085,51.0,Mensual,44.70717547714124,67,Si,1,1
CLI-1086,39.0,Anual,102.69171995888958,14,No,0,0
CLI-1087,52.0,Mensual,56.47118921871822,39,No,1,0
CLI-1088,36.0,Mensual,98.91252298079708,11,No,1,0
CLI-1089,54.0,Anual,91.31163873789001,14,No,0,0
CLI-1090,33.0,Mensual,49.518277682700734,71,Si,1,1
CLI-1091,53.0,Anual,104.77368424733818,13,No,0,0
CLI-1092,22.0,Mensual,59.41040341281818,37,Si,1,1
CLI-1093,50.0,Anual,79.33480528455901,14,Si,0,1
CLI-1094,72.0,Anual,34.03740795817304,21,Si,0,1
CLI-1095,61.0,Anual,57.86781233823526,33,Si,0,1
CLI-1096,27.0,Mensual,83.08478037567082,42,Si,1,1
CLI-1097,42.0,Mensual,31.785542383190982,59,Si,1,1
CLI-1098,19.0,Anual,31.07560665529431,13,No,0,0
CLI-1099,40.0,Mensual,89.74068483338559,24,Si,1,1
CLI-1100,78.0,Anual,81.13653759941627,44,Si,0,1
CLI-1101,52.0,Anual,40.17488104366015,16,No,0,0
CLI-1102,41.0,Anual,68.7010145127712,22,No,0,0
CLI-1103,23.0,Mensual,29.831704039774014,18,Si,1,1
CLI-1104,57.0,Anual,61.42563715469463,41,Si,0,1
CLI-1105,64.0,Anual,23.618336824950163,51,No,0,0
CLI-1106,41.0,Mensual,35.628589160473254,70,No,1,0
CLI-1107,43.0,Anual,88.0910279438162,56,Si,0,1
CLI-1108,49.0,Anual,118.30240826179248,6,No,0,0
CLI-1109,25.0,Anual,52.640376894397626,63,Si,0,1
CLI-1110,24.0,Mensual,107.1595495557654,61,No,1,0
CLI-1112,58.0,Anual,27.073187272243675,18,Si,0,1
CLI-1113,51.0,Anual,107.47699645915948,12,Si,0,1
CLI-1114,24.0,Anual,53.361627620194525,49,No,0,0
CLI-1115,52.0,Anual,60.10889526216792,68,Si,0,1
CLI-1116,45.0,Mensual,56.9705928492079,48,Si,1,1
CLI-1117,79.0,Anual,104.54191994601258,15,Si,0,1
CLI-1118,54.0,Anual,56.42219654671588,7,No,0,0
CLI-1119,26.0,Anual,95.654924538675,15,Si,0,1
CLI-1120,30.0,Anual,65.14552184001238,59,Si,0,1
CLI-1121,76.0,Mensual,79.60612280961868,41,Si,1,1
CLI-1122,22.0,Mensual,86.1001053137186,56,Si,1,1
CLI-1123,43.0,Anual,39.809977941214456,31,No,0,0
CLI-1124,40.0,Mensual,48.72269937910873,16,No,1,0
CLI-1125,55.0,Mensual,62.22623527939447,26,No,1,0
CLI-1126,76.0,Mensual,27.714128708898194,63,No,1,0
CLI-1127,31.0,Mensual,58.00964721899429,57,No,1,0
CLI-1128,23.0,Anual,58.06139856063835,12,No,0,0
CLI-1129,18.0,Anual,103.45387560851309,34,Si,0,1
CLI-1130,30.0,Anual,87.76993066970557,7,Si,0,1
CLI-1131,71.0,Mensual,107.74524780589371,8,Si,1,1
CLI-1132,53.0,Anual,87.09850024961179,28,Si,0,1
CLI-1133,60.0,Anual,102.9799266014096,45,Si,0,1
CLI-1135,29.0,Mensual,110.57799870988097,50,No,1,0
CLI-1136,75.0,Anual,83.75338896451632,39,Si,0,1
CLI-1137,79.0,Anual,64.3402264191356,39,No,0,0
CLI-1138,72.0,Mensual,85.83665175464567,24,No,1,0
CLI-1139,84.0,Mensual,30.47734813789364,46,Si,1,1
CLI-1140,28.0,Anual,77.89773057778206,30,No,0,0
CLI-1142,64.0,Anual,94.79650730240375,24,No,0,0
CLI-1143,65.0,Anual,84.24349134165568,38,No,0,0
CLI-1144,74.0,Mensual,46.28609738637482,72,Si,1,1
CLI-1145,83.0,Mensual,100.67759812451125,63,Si,1,1
CLI-1146,74.0,Anual,98.25177839629502,37,Si,0,1
CLI-1147,81.0,Mensual,72.43399421422123,26,No,1,0
CLI-1148,47.0,Anual,34.42781824155046,72,No,0,0
CLI-1149,43.0,Anual,102.60039596535856,68,Si,0,1
CLI-1150,18.0,Mensual,23.196553133673053,54,Si,1,1
CLI-1151,74.0,Anual,25.70641527615975,10,No,0,0
CLI-1152,33.0,Anual,77.71194551356773,51,No,0,0
CLI-1153,76.0,Anual,36.62503332159739,37,Si,0,1
CLI-1154,84.0,Anual,78.14134963377259,9,No,0,0
CLI-1155,54.0,Anual,78.4604571967927,11,No,0,0
CLI-1156,78.0,Anual,55.23192120405542,20,No,0,0
CLI-1157,52.0,Mensual,86.15983921665298,38,Si,1,1
CLI-1158,37.0,Mensual,119.67798172871345,36,No,1,0
CLI-1159,62.0,Mensual,42.840492101785536,70,Si,1,1
CLI-1160,60.0,Anual,116.87018350331013,58,No,0,0
CLI-1161,52.0,Anual,117.88791565014866,50,No,0,0
CLI-1162,52.0,Anual,55.23284462317532,6,Si,0,1
CLI-1163,52.0,Anual,92.89295323003886,10,Si,0,1
CLI-1164,76.0,Mensual,97.8829489140136,16,No,1,0
CLI-1165,78.0,Anual,51.111684305503246,54,No,0,0
CLI-1166,52.0,Mensual,66.07448570041944,66,Si,1,1
CLI-1167,49.0,Anual,93.49936149996672,53,Si,0,1
CLI-1168,48.0,Mensual,84.90041360907597,36,Si,1,1
CLI-1169,58.0,Anual,105.61127806295896,27,No,0,0
CLI-1172,52.0,Anual,115.21499169399875,4,Si,0,1
CLI-1173,73.0,Anual,97.52444634213765,46,Si,0,1
CLI-1174,46.0,Anual,50.34368308633516,59,Si,0,1
CLI-1175,53.0,Mensual,104.54652898201678,29,No,1,0
CLI-1176,83.0,Mensual,52.75701097684922,53,No,1,0
CLI-1177,19.0,Anual,78.09185259770838,64,No,0,0
CLI-1178,29.0,Mensual,90.39399865959106,5,No,1,0
CLI-1179,80.0,Anual,91.76853648513517,41,Si,0,1
CLI-1180,22.0,Anual,96.21340442871674,16,No,0,0
CLI-1181,47.0,Anual,99.21888400307935,41,Si,0,1
CLI-1182,41.0,Mensual,56.94417523994883,51,Si,1,1
CLI-1183,44.0,Mensual,87.39780573855433,35,No,1,0
CLI-1184,76.0,Anual,108.17491125271142,65,Si,0,1
CLI-1185,80.0,Mensual,58.0505718525553,29,Si,1,1
CLI-1186,74.0,Anual,119.37603661103307,22,Si,0,1
CLI-1187,43.0,Anual,80.65025652386655,6,Si,0,1
CLI-1188,33.0,Mensual,66.11999758113251,38,No,1,0
CLI-1189,55.0,Mensual,65.12445194845836,68,Si,1,1
CLI-1190,83.0,Anual,101.8058091569765,53,No,0,0
CLI-1191,24.0,Mensual,80.32987350150438,7,No,1,0
CLI-1192,65.0,Anual,118.99855135782552,47,Si,0,1
CLI-1193,20.0,Mensual,69.91090098400979,53,No,1,0
CLI-1194,38.0,Mensual,43.15359151727911,70,Si,1,1
CLI-1195,52.0,Anual,69.53242791450651,29,No,0,0
CLI-1196,46.0,Mensual,105.67008875516188,71,Si,1,1
CLI-1197,59.0,Anual,80.35233178360124,28,No,0,0
CLI-1198,31.0,Mensual,58.11573501562435,30,No,1,0
CLI-1199,52.0,Mensual,73.98636958217173,54,No,1,0
CLI-1200,22.0,Anual,80.97057024551204,47,No,0,0
CLI-1201,74.0,Anual,56.131696817686645,6,No,0,0
CLI-1202,52.0,Mensual,100.29911950382832,62,Si,1,1
CLI-1203,39.0,Anual,67.00641804374101,4,Si,0,1
CLI-1204,37.0,Anual,108.00711131072157,49,No,0,0
CLI-1205,42.0,Anual,102.69038205720753,47,No,0,0
CLI-1206,36.0,Anual,50.26178583384534,8,Si,0,1
CLI-1207,33.0,Mensual,87.20790888543266,32,No,1,0
CLI-1208,65.0,Mensual,56.23006558426663,39,Si,1,1
CLI-1209,76.0,Anual,100.13525086422362,22,Si,0,1
CLI-1210,75.0,Mensual,28.073706866796137,52,Si,1,1
CLI-1211,84.0,Anual,25.477806398130802,52,Si,0,1
CLI-1212,69.0,Mensual,21.66733619446261,36,Si,1,1
CLI-1213,24.0,Anual,64.02329557759965,34,Si,0,1
CLI-1214,76.0,Mensual,23.2389152680654,5,Si,1,1
CLI-1215,25.0,Anual,84.92856103127097,37,Si,0,1
CLI-1216,47.0,Mensual,107.51639157240436,47,Si,1,1
CLI-1217,70.0,Mensual,85.13877037799381,33,Si,1,1
CLI-1218,29.0,Mensual,95.88023244480534,22,No,1,0
CLI-1219,75.0,Anual,80.62438950749629,7,Si,0,1
CLI-1220,72.0,Anual,53.478217487927985,32,Si,0,1
CLI-1221,52.0,Mensual,35.354237603953415,12,No,1,0
CLI-1222,40.0,Anual,82.47164473413197,30,Si,0,1
CLI-1223,46.0,Mensual,79.44439176501027,34,No,1,0
CLI-1224,53.0,Mensual,60.0770335262128,25,No,1,0
CLI-1225,49.0,Mensual,55.77140245042381,57,No,1,0
CLI-1226,59.0,Anual,65.58157392685015,46,Si,0,1
CLI-1228,49.0,Anual,109.65734480313442,32,Si,0,1
CLI-1229,20.0,Mensual,74.75099897800811,48,Si,1,1
CLI-1230,49.0,Anual,39.270341926922676,60,No,0,0
CLI-1231,73.0,Anual,79.49642684440812,36,Si,0,1
CLI-1232,65.0,Anual,72.49331227682251,70,Si,0,1
CLI-1233,71.0,Anual,83.95918748716791,39,No,0,0
CLI-1234,21.0,Mensual,28.195707095442295,17,Si,1,1
CLI-1235,60.0,Anual,114.72064176748987,54,Si,0,1
CLI-1236,74.0,Mensual,94.11108571514592,33,Si,1,1
CLI-1237,43.0,Anual,115.11848474568816,36,No,0,0
CLI-1238,21.0,Mensual,61.92400438317003,60,Si,1,1
CLI-1239,22.0,Mensual,84.01770338315072,64,No,1,0
CLI-1241,42.0,Mensual,65.80498520022192,38,No,1,0
CLI-1242,32.0,Anual,45.00288401904651,66,No,0,0
CLI-1243,49.0,Mensual,42.11994906884078,56,Si,1,1
CLI-1244,60.0,Anual,81.39661619947437,4,Si,0,1
CLI-1245,63.0,Mensual,39.61040539944065,69,Si,1,1
CLI-1246,46.0,Mensual,56.52140243439915,56,Si,1,1
CLI-1247,55.0,Mensual,115.53262708721483,38,No,1,0
CLI-1248,44.0,Mensual,62.635645894528174,25,Si,1,1
CLI-1249,52.0,Anual,82.45561785477156,36,Si,0,1
CLI-1250,67.0,Anual,109.81138163476263,52,No,0,0
CLI-1251,55.0,Mensual,88.68731120159167,56,Si,1,1
CLI-1253,78.0,Anual,116.15062395229131,35,Si,0,1
CLI-1254,83.0,Mensual,22.65292747945959,40,No,1,0
CLI-1255,40.0,Mensual,52.57352539162165,35,No,1,0
CLI-1256,38.0,Mensual,22.443285178424194,2,No,1,0
CLI-1257,29.0,Mensual,42.84807538620956,47,No,1,0
CLI-1258,77.0,Anual,64.5872513620241,59,No,0,0
CLI-1259,76.0,Mensual,79.43897007177972,52,No,1,0
CLI-1260,67.0,Anual,97.2788090096752,59,No,0,0
CLI-1261,54.0,Anual,58.99281786355699,10,No,0,0
CLI-1262,74.0,Anual,111.54344167769192,6,Si,0,1
CLI-1263,34.0,Anual,107.3527446820455,65,Si,0,1
CLI-1264,62.0,Mensual,107.4767526627615,13,Si,1,1
CLI-1265,76.0,Mensual,35.51680096219794,55,Si,1,1
CLI-1266,38.0,Anual,46.948414326846105,67,Si,0,1
CLI-1267,52.0,Anual,56.28869936836764,24,Si,0,1
CLI-1268,71.0,Anual,88.42625733246585,16,Si,0,1
CLI-1269,52.0,Anual,98.24463992849698,20,Si,0,1
CLI-1270,56.0,Anual,85.88958321008707,1,Si,0,1
CLI-1271,73.0,Mensual,61.35585279881511,52,No,1,0
CLI-1272,18.0,Anual,101.86422465735625,66,No,0,0
CLI-1273,79.0,Mensual,60.25307142830056,10,Si,1,1
CLI-1274,73.0,Anual,51.38580551350368,55,No,0,0
CLI-1275,39.0,Mensual,57.04424647263607,21,Si,1,1
CLI-1276,80.0,Anual,73.58909892712025,28,Si,0,1
CLI-1277,73.0,Anual,42.1712007545272,36,Si,0,1
CLI-1278,78.0,Mensual,69.77172623853411,17,Si,1,1
CLI-1279,78.0,Anual,50.89766074047817,53,Si,0,1
CLI-1280,77.0,Mensual,114.54089670379098,37,Si,1,1
CLI-1282,30.0,Mensual,35.21552769737697,7,Si,1,1
CLI-1283,31.0,Anual,62.58024251936804,22,Si,0,1
CLI-1284,66.0,Anual,63.47980116100201,27,No,0,0
CLI-1285,68.0,Anual,101.40505067297563,6,No,0,0
CLI-1286,54.0,Mensual,84.14560634778802,46,Si,1,1
CLI-1288,57.0,Mensual,75.36369186549622,67,No,1,0
CLI-1289,69.0,Anual,27.205236984278905,38,Si,0,1
CLI-1290,76.0,Mensual,51.46145007254749,50,Si,1,1
CLI-1291,77.0,Mensual,52.10738262008026,62,No,1,0
CLI-1292,37.0,Anual,100.72662863209267,7,No,0,0
CLI-1293,68.0,Anual,81.50962745046735,27,No,0,0
CLI-1294,24.0,Mensual,96.18779173596909,28,Si,1,1
CLI-1295,18.0,Anual,62.995834202518765,23,Si,0,1
CLI-1296,83.0,Anual,99.6680397131475,54,Si,0,1
CLI-1297,41.0,Mensual,55.66013539775391,21,Si,1,1
CLI-1298,32.0,Anual,74.76344281832698,35,Si,0,1
CLI-1299,67.0,Mensual,33.4489665279499,34,Si,1,1
CLI-1300,51.0,Mensual,88.95902874122177,13,No,1,0
CLI-1301,35.0,Anual,84.05880061470293,5,No,0,0
CLI-1302,61.0,Mensual,23.65392748641995,54,No,1,0
CLI-1303,83.0,Anual,41.56976051470816,8,No,0,0
CLI-1304,56.0,Mensual,53.80775799747783,16,Si,1,1
CLI-1305,53.0,Anual,79.96430258001719,7,Si,0,1
CLI-1306,44.0,Mensual,66.99364642216419,15,Si,1,1
CLI-1307,35.0,Mensual,92.06642500400567,17,Si,1,1
CLI-1308,21.0,Anual,118.03917675930327,51,Si,0,1
CLI-1309,66.0,Anual,20.13919020834281,67,No,0,0
CLI-1310,44.0,Anual,103.68276172953185,23,No,0,0
CLI-1311,85.0,Mensual,102.39380691945397,18,No,1,0
CLI-1312,68.0,Anual,91.7590590693547,13,No,0,0
CLI-1313,26.0,Anual,89.31116856105068,57,No,0,0
CLI-1314,53.0,Mensual,68.2140879794255,63,No,1,0
CLI-1315,21.0,Anual,54.92123338239473,13,Si,0,1
CLI-1316,45.0,Anual,76.0076771375646,5,No,0,0
CLI-1317,52.0,Anual,51.442571096058934,45,Si,0,1
CLI-1318,40.0,Anual,31.759894557447847,69,No,0,0
CLI-1319,84.0,Anual,83.17942045989571,47,Si,0,1
CLI-1320,34.0,Mensual,75.63292304056993,43,No,1,0
CLI-1321,83.0,Mensual,93.18295122411487,50,No,1,0
CLI-1322,23.0,Anual,113.43981458383585,41,Si,0,1
CLI-1323,83.0,Mensual,31.415360596549995,46,Si,1,1
CLI-1324,43.0,Anual,98.21410448899101,49,No,0,0
CLI-1325,77.0,Anual,33.88207994677874,24,No,0,0
CLI-1326,42.0,Anual,58.16255436170838,37,No,0,0
CLI-1327,52.0,Anual,97.64179809248219,7,Si,0,1
CLI-1328,41.0,Anual,55.767710401347955,55,Si,0,1
CLI-1329,75.0,Anual,40.62700589686847,63,Si,0,1
CLI-1330,53.0,Anual,113.9839716604996,71,No,0,0
CLI-1331,65.0,Mensual,46.43070359606439,48,Si,1,1
CLI-1332,63.0,Anual,79.97594232268742,43,Si,0,1
CLI-1333,68.0,Mensual,82.32436235465346,60,No,1,0
CLI-1334,82.0,Mensual,27.284363889849345,60,No,1,0
CLI-1335,49.0,Mensual,111.3427691695319,34,Si,1,1
CLI-1336,72.0,Mensual,35.84644356879154,7,Si,1,1
CLI-1337,75.0,Mensual,77.74722985534149,17,Si,1,1
CLI-1338,68.0,Anual,55.8037034960213,53,No,0,0
CLI-1339,31.0,Mensual,83.57613648971889,8,No,1,0
CLI-1340,49.0,Anual,52.41839221219023,60,No,0,0
CLI-1341,40.0,Anual,53.66680267238601,39,No,0,0
CLI-1342,45.0,Anual,66.56535445631482,12,No,0,0
CLI-1343,73.0,Anual,60.09673771785533,71,No,0,0
CLI-1344,67.0,Mensual,52.37168599577591,3,No,1,0
CLI-1345,23.0,Mensual,112.59571670222,24,Si,1,1
CLI-1346,39.0,Anual,46.64032813175716,49,No,0,0
CLI-1347,85.0,Mensual,62.07246763474024,37,No,1,0
CLI-1348,64.0,Anual,81.70998662880254,18,Si,0,1
CLI-1349,73.0,Anual,39.670955499954836,60,Si,0,1
CLI-1350,21.0,Mensual,59.14970868793052,31,No,1,0
CLI-1351,56.0,Anual,22.47592353503653,20,No,0,0
CLI-1352,62.0,Anual,21.05928292380113,46,Si,0,1
CLI-1353,39.0,Anual,25.260119968761366,6,No,0,0
CLI-1354,84.0,Mensual,68.9457025437088,40,No,1,0
CLI-1355,47.0,Mensual,41.24178392253619,38,Si,1,1
CLI-1356,62.0,Mensual,41.00344164445313,2,Si,1,1
CLI-1357,46.0,Mensual,102.92262521970348,68,Si,1,1
CLI-1358,32.0,Anual,20.74560928954672,24,No,0,0
CLI-1359,84.0,Mensual,29.68956118451134,10,Si,1,1
CLI-1360,61.0,Mensual,23.20976586098468,48,Si,1,1
CLI-1361,74.0,Mensual,95.43879541388287,38,Si,1,1
CLI-1362,27.0,Mensual,70.38707171208327,32,Si,1,1
CLI-1363,34.0,Anual,46.25471444727179,31,No,0,0
CLI-1364,41.0,Mensual,65.58772015370825,5,No,1,0
CLI-1365,73.0,Anual,23.810448026563773,24,No,0,0
CLI-1366,52.0,Mensual,87.42594434707114,16,Si,1,1
CLI-1367,74.0,Anual,103.7229262615405,20,No,0,0
CLI-1368,47.0,Mensual,119.9342424673816,39,Si,1,1
CLI-1369,45.0,Mensual,95.78415737539848,62,Si,1,1
CLI-1370,64.0,Anual,114.23253155932734,69,Si,0,1
CLI-1371,50.0,Mensual,103.27038293052522,57,Si,1,1
CLI-1372,60.0,Mensual,31.37341438599445,30,No,1,0
CLI-1373,74.0,Mensual,67.57844534797468,61,Si,1,1
CLI-1374,38.0,Mensual,46.54601502612789,70,No,1,0
CLI-1375,66.0,Anual,117.68819780072238,48,No,0,0
CLI-1376,20.0,Mensual,45.58654450773997,10,No,1,0
CLI-1377,77.0,Anual,100.6797143297918,27,Si,0,1
CLI-1378,52.0,Anual,113.30200734115299,66,No,0,0
CLI-1379,58.0,Mensual,66.10762145095433,51,No,1,0
CLI-1380,29.0,Anual,52.24839635449288,4,Si,0,1
CLI-1381,28.0,Anual,111.2373957072254,7,Si,0,1
CLI-1382,83.0,Anual,48.348353911941146,17,No,0,0
CLI-1383,21.0,Mensual,71.52861422700971,55,No,1,0
CLI-1384,61.0,Mensual,86.00987866467278,25,No,1,0
CLI-1385,57.0,Anual,61.99473739283116,46,No,0,0
CLI-1386,35.0,Mensual,51.36754118093948,50,No,1,0
CLI-1387,41.0,Mensual,93.35216143788841,35,No,1,0
CLI-1388,25.0,Mensual,23.369428190127945,33,Si,1,1
CLI-1389,47.0,Mensual,109.99147987195431,12,Si,1,1
CLI-1390,23.0,Mensual,54.72728836650313,3,Si,1,1
CLI-1391,26.0,Mensual,102.5184511417018,56,Si,1,1
CLI-1392,55.0,Anual,36.20326358965571,13,Si,0,1
CLI-1393,59.0,Anual,74.76952571465824,54,Si,0,1
CLI-1394,47.0,Anual,77.64325430286769,37,Si,0,1
CLI-1395,51.0,Mensual,85.04448849704606,28,No,1,0
CLI-1396,76.0,Anual,66.98980964420545,20,Si,0,1
CLI-1397,31.0,Mensual,49.32233813795207,52,No,1,0
CLI-1398,82.0,Mensual,63.937181818702896,19,Si,1,1
CLI-1399,22.0,Mensual,105.87796513684998,32,Si,1,1
CLI-1400,76.0,Mensual,35.233843808949445,42,No,1,0
CLI-1401,76.0,Mensual,65.27478436873756,70,Si,1,1
CLI-1402,83.0,Anual,81.6831813595166,8,Si,0,1
CLI-1403,57.0,Mensual,38.222887604828145,54,No,1,0
CLI-1404,74.0,Anual,90.93075403907544,20,No,0,0
CLI-1405,55.0,Anual,62.06922061797346,18,Si,0,1
CLI-1406,82.0,Anual,22.19202370338255,60,Si,0,1
CLI-1407,46.0,Mensual,69.51544371005417,52,No,1,0
CLI-1408,82.0,Anual,95.8101459606172,47,No,0,0
CLI-1409,73.0,Anual,91.77533080950782,25,No,0,0
CLI-1410,45.0,Anual,113.67447225283767,1,No,0,0
CLI-1411,57.0,Mensual,92.74666311506655,26,No,1,0
CLI-1412,61.0,Mensual,21.175856479397808,32,Si,1,1
CLI-1413,59.0,Mensual,56.31868462082465,40,Si,1,1
CLI-1414,47.0,Mensual,88.44720825372269,63,No,1,0
CLI-1415,49.0,Anual,84.40330832386813,8,No,0,0
CLI-1416,62.0,Anual,117.25532943444614,66,Si,0,1
CLI-1417,71.0,Mensual,50.69556435607909,66,No,1,0
CLI-1418,22.0,Mensual,26.111884824002587,6,Si,1,1
CLI-1419,20.0,Anual,55.458817241228445,38,No,0,0
CLI-1420,52.0,Mensual,46.52743221915334,20,Si,1,1
CLI-1421,25.0,Anual,72.32885070539098,51,Si,0,1
CLI-1422,32.0,Mensual,112.97512864170389,43,No,1,0
CLI-1423,61.0,Mensual,26.223549197594114,14,Si,1,1
CLI-1424,72.0,Anual,37.727790261909746,17,Si,0,1
CLI-1425,62.0,Anual,91.90106415273044,13,No,0,0
CLI-1426,36.0,Anual,36.91783026283087,51,Si,0,1
CLI-1427,73.0,Anual,42.951564834552826,15,Si,0,1
CLI-1428,73.0,Mensual,47.89609983510071,49,Si,1,1
CLI-1429,57.0,Mensual,54.83535150515489,28,Si,1,1
CLI-1430,43.0,Anual,53.75234044480803,71,Si,0,1
CLI-1431,81.0,Mensual,64.28127256663902,45,No,1,0
CLI-1432,80.0,Mensual,66.53050245984133,26,Si,1,1
CLI-1433,39.0,Anual,76.62245347901471,17,No,0,0
CLI-1434,84.0,Mensual,118.20971219640262,12,Si,1,1
CLI-1435,28.0,Anual,84.34411432597855,22,No,0,0
CLI-1436,61.0,Mensual,100.22530208854886,55,No,1,0
CLI-1437,71.0,Anual,100.39561443506123,24,Si,0,1
CLI-1438,19.0,Anual,112.78256323757155,7,No,0,0
CLI-1439,29.0,Anual,41.611930399803946,24,No,0,0
CLI-1440,59.0,Anual,94.99437166676587,52,Si,0,1
CLI-1441,61.0,Mensual,29.05658362432046,72,No,1,0
CLI-1442,26.0,Anual,24.437600635922102,12,No,0,0
CLI-1443,49.0,Anual,63.27537985201766,50,No,0,0
CLI-1444,31.0,Mensual,58.41351612754396,63,Si,1,1
CLI-1445,58.0,Mensual,44.38944929889956,32,No,1,0
CLI-1446,33.0,Mensual,43.2148289348264,25,Si,1,1
CLI-1447,37.0,Anual,69.51121941169006,13,Si,0,1
CLI-1448,81.0,Mensual,60.266468935495666,70,Si,1,1
CLI-1449,45.0,Anual,41.92067703474279,22,Si,0,1
CLI-1450,48.0,Mensual,88.75475519788755,71,No,1,0
CLI-1451,24.0,Mensual,91.78079152382296,47,No,1,0
CLI-1452,71.0,Anual,108.2345311718668,37,Si,0,1
CLI-1453,52.0,Mensual,71.92448054640357,36,No,1,0
CLI-1454,47.0,Mensual,67.78654439253815,63,No,1,0
CLI-1455,26.0,Mensual,52.458955328329296,18,Si,1,1
CLI-1456,55.0,Anual,96.7091157242384,9,No,0,0
CLI-1457,79.0,Mensual,28.93537147212272,47,Si,1,1
CLI-1458,81.0,Mensual,32.20374157475954,38,Si,1,1
CLI-1459,32.0,Mensual,46.53816380777769,3,Si,1,1
CLI-1461,77.0,Mensual,29.59656586842117,24,Si,1,1
CLI-1462,71.0,Mensual,112.95447144521933,68,Si,1,1
CLI-1463,52.0,Anual,103.71870331821381,34,No,0,0
CLI-1464,45.0,Mensual,100.00178011596395,9,No,1,0
CLI-1465,32.0,Anual,46.441819811736096,36,Si,0,1
CLI-1466,76.0,Anual,68.32178841400273,25,Si,0,1
CLI-1467,74.0,Mensual,75.44017606655098,40,Si,1,1
CLI-1468,33.0,Anual,42.147399426252065,44,Si,0,1
CLI-1469,42.0,Mensual,63.318055881784105,66,Si,1,1
CLI-1470,52.0,Mensual,119.60336864908756,48,Si,1,1
CLI-1471,85.0,Mensual,24.941769838954368,65,No,1,0
CLI-1472,50.0,Mensual,56.59784704804626,18,No,1,0
CLI-1473,74.0,Mensual,77.30007852849147,33,Si,1,1
CLI-1474,70.0,Mensual,100.89909568410553,17,Si,1,1
CLI-1475,76.0,Anual,29.36102793592031,6,Si,0,1
CLI-1476,29.0,Anual,80.7426270763917,4,No,0,0
CLI-1477,78.0,Mensual,30.28885237800572,25,No,1,0
CLI-1478,64.0,Mensual,87.54999148870316,53,Si,1,1
CLI-1479,53.0,Anual,67.93566439283634,44,No,0,0
CLI-1480,33.0,Mensual,35.18462224815964,67,Si,1,1
CLI-1481,22.0,Mensual,31.55801584883097,52,Si,1,1
CLI-1482,52.0,Anual,114.53856127400951,43,Si,0,1
CLI-1483,70.0,Anual,53.53318280866486,2,No,0,0
CLI-1484,70.0,Mensual,74.97570838344038,1,No,1,0
CLI-1485,20.0,Anual,48.27131283004631,17,No,0,0
CLI-1486,22.0,Anual,74.36345307473057,22,No,0,0
CLI-1487,28.0,Anual,25.12605320416053,3,Si,0,1
CLI-1488,59.0,Mensual,51.45734456677817,57,No,1,0
CLI-1489,21.0,Mensual,114.49662896887725,41,No,1,0
CLI-1490,34.0,Anual,66.197324509397,1,No,0,0
CLI-1491,52.0,Anual,32.46150565344051,31,Si,0,1
CLI-1492,77.0,Mensual,35.042218629661534,13,Si,1,1
CLI-1493,56.0,Anual,65.62811870157415,39,No,0,0
CLI-1494,54.0,Mensual,56.7833373595152,46,No,1,0
CLI-1495,38.0,Anual,30.53867134062305,44,Si,0,1
CLI-1496,52.0,Mensual,104.89592287084317,17,Si,1,1
CLI-1497,78.0,Anual,54.57426107900101,69,Si,0,1
CLI-1498,38.0,Mensual,69.1776694652839,5,Si,1,1
CLI-1499,21.0,Mensual,86.84744107790868,56,No,1,0
CLI-1500,44.0,Anual,112.31079791982928,62,Si,0,1
CLI-1501,59.0,Mensual,105.43185644626541,66,No,1,0
CLI-1502,71.0,Mensual,27.939880465774664,3,No,1,0
CLI-1503,73.0,Mensual,73.49895041902359,30,Si,1,1
CLI-1504,52.0,Mensual,30.1162886600754,64,No,1,0
CLI-1505,46.0,Anual,103.02450972418235,6,Si,0,1
CLI-1506,48.0,Mensual,60.89650595809133,42,No,1,0
CLI-1507,32.0,Anual,81.30602691725767,11,No,0,0
CLI-1508,52.0,Anual,62.713624934611396,60,Si,0,1
CLI-1509,18.0,Anual,78.90239468846681,66,No,0,0
CLI-1510,34.0,Anual,63.67864921196612,2,Si,0,1
CLI-1511,45.0,Mensual,77.48495678064708,10,Si,1,1
CLI-1512,46.0,Anual,27.28661824107334,3,No,0,0
CLI-1513,72.0,Anual,39.181752502147035,7,Si,0,1
CLI-1514,37.0,Anual,25.603400729985996,15,Si,0,1
CLI-1515,58.0,Anual,32.99647263677946,43,Si,0,1
CLI-1516,47.0,Anual,83.90506677409479,21,No,0,0
CLI-1517,26.0,Mensual,34.44502388615135,54,No,1,0
CLI-1518,81.0,Mensual,101.79905735585962,44,No,1,0
CLI-1519,19.0,Anual,76.60715832547174,48,No,0,0
CLI-1520,20.0,Anual,79.58611340264802,55,Si,0,1
CLI-1522,30.0,Mensual,33.34060004575878,22,No,1,0
CLI-1523,39.0,Anual,91.30855303541585,29,Si,0,1
CLI-1524,24.0,Mensual,48.83995051417231,57,Si,1,1
CLI-1526,37.0,Anual,72.13531578141914,57,Si,0,1
CLI-1527,68.0,Anual,68.025294479497,34,Si,0,1
CLI-1528,29.0,Mensual,76.73225779047769,18,No,1,0
CLI-1529,52.0,Mensual,100.84696824960075,63,No,1,0
CLI-1530,75.0,Mensual,26.472991490362325,14,Si,1,1
CLI-1531,42.0,Anual,20.43988471752727,47,No,0,0
CLI-1532,58.0,Anual,29.249590648991813,24,No,0,0
CLI-1533,34.0,Mensual,43.76208895881009,64,Si,1,1
CLI-1534,55.0,Mensual,117.4668587379997,7,No,1,0
CLI-1535,52.0,Anual,41.546784783358085,18,Si,0,1
CLI-1536,56.0,Mensual,94.49246933761884,56,No,1,0
CLI-1537,44.0,Anual,61.6007839025934,25,Si,0,1
CLI-1538,73.0,Anual,75.74309051472929,67,Si,0,1
CLI-1539,67.0,Anual,103.26292883766914,66,No,0,0
CLI-1540,65.0,Anual,100.14165853138083,32,Si,0,1
CLI-1541,68.0,Mensual,61.77903003696507,51,No,1,0
CLI-1542,80.0,Mensual,35.26884618344513,34,No,1,0
CLI-1543,64.0,Anual,102.80332539631426,13,Si,0,1
CLI-1544,67.0,Anual,113.82713270008949,55,Si,0,1
CLI-1545,52.0,Mensual,112.35798591463863,49,Si,1,1
CLI-1546,43.0,Mensual,75.34094549251625,54,No,1,0
CLI-1547,26.0,Anual,62.2943070751019,66,No,0,0
CLI-1548,36.0,Anual,49.36892924633787,40,Si,0,1
CLI-1549,65.0,Anual,111.65512936909778,61,Si,0,1
CLI-1550,52.0,Anual,79.09090198951408,34,No,0,0
CLI-1551,74.0,Anual,115.20358558964939,32,No,0,0
CLI-1552,21.0,Mensual,43.657593476060455,12,Si,1,1
CLI-1553,52.0,Anual,108.69536685712977,46,Si,0,1
CLI-1554,72.0,Mensual,110.18490629215961,10,Si,1,1
CLI-1555,50.0,Anual,85.78155987105998,58,Si,0,1
CLI-1556,52.0,Anual,80.62391401743285,30,No,0,0
CLI-1557,23.0,Mensual,39.2907289898325,7,No,1,0
CLI-1558,54.0,Mensual,26.428259495828428,67,No,1,0
CLI-1559,36.0,Mensual,53.44975627491776,27,Si,1,1
CLI-1560,44.0,Anual,66.74698938100772,39,Si,0,1
CLI-1561,28.0,Mensual,81.5678318543508,66,Si,1,1
CLI-1562,33.0,Anual,34.80627992154794,11,Si,0,1
CLI-1563,23.0,Anual,25.233241590574256,56,No,0,0
CLI-1564,41.0,Mensual,80.70868458573503,38,Si,1,1
CLI-1565,64.0,Anual,29.917042721714154,20,No,0,0
CLI-1566,48.0,Anual,40.80064515851604,33,No,0,0
CLI-1567,65.0,Mensual,28.058357278288252,17,No,1,0
CLI-1568,65.0,Mensual,55.42315370957115,47,Si,1,1
CLI-1569,81.0,Mensual,67.87090604563551,64,No,1,0
CLI-1570,49.0,Mensual,78.74075738373611,20,No,1,0
CLI-1571,65.0,Mensual,65.97412797069228,36,No,1,0
CLI-1572,65.0,Anual,79.98592375305776,19,Si,0,1
CLI-1573,43.0,Mensual,50.30306874060691,36,Si,1,1
CLI-1574,42.0,Mensual,52.93626087494081,40,Si,1,1
CLI-1575,29.0,Mensual,92.63910341972841,34,No,1,0
CLI-1576,41.0,Mensual,46.85381054312196,3,No,1,0
CLI-1577,36.0,Mensual,53.25049928577714,3,Si,1,1
CLI-1578,68.0,Mensual,80.5643637667871,14,No,1,0
CLI-1580,62.0,Anual,102.38741538537747,72,No,0,0
CLI-1581,56.0,Mensual,98.96427042215441,32,No,1,0
CLI-1582,46.0,Mensual,78.55655635099919,60,No,1,0
CLI-1583,43.0,Mensual,50.992165902434124,57,No,1,0
CLI-1584,40.0,Anual,68.57072660716048,15,No,0,0
CLI-1585,54.0,Anual,65.21948980999056,60,Si,0,1
CLI-1586,38.0,Anual,110.8050536607187,42,Si,0,1
CLI-1587,18.0,Anual,50.549147091878694,45,No,0,0
CLI-1588,56.0,Anual,33.012834363475264,1,No,0,0
CLI-1589,80.0,Anual,94.70566158024042,16,No,0,0
CLI-1590,71.0,Anual,88.93081652658148,39,No,0,0
CLI-1591,50.0,Mensual,62.91093689391276,22,Si,1,1
CLI-1592,65.0,Mensual,106.80715057873194,14,No,1,0
CLI-1593,83.0,Mensual,31.14623593821907,19,Si,1,1
CLI-1594,66.0,Anual,30.50682910098224,55,Si,0,1
CLI-1596,76.0,Mensual,105.31639909285987,19,Si,1,1
CLI-1597,30.0,Anual,71.98791731391512,21,Si,0,1
CLI-1598,34.0,Anual,85.04685801604167,18,Si,0,1
CLI-1599,26.0,Anual,42.20603180168952,24,No,0,0
CLI-1600,82.0,Anual,29.411007369207468,32,Si,0,1
CLI-1601,47.0,Anual,66.96116870801741,3,No,0,0
CLI-1602,38.0,Anual,106.5397071030464,59,Si,0,1
CLI-1604,59.0,Anual,29.906121256680265,49,No,0,0
CLI-1605,19.0,Mensual,25.830855117165356,46,Si,1,1
CLI-1606,21.0,Mensual,86.70877692417011,55,Si,1,1
CLI-1607,50.0,Mensual,87.31120447644275,66,No,1,0
CLI-1608,33.0,Mensual,42.23730518546677,3,Si,1,1
CLI-1609,60.0,Mensual,74.27607556543188,58,Si,1,1
CLI-1610,18.0,Mensual,63.922857498542896,69,Si,1,1
CLI-1611,60.0,Anual,89.23771507450905,35,No,0,0
CLI-1612,28.0,Mensual,38.25377432796136,47,Si,1,1
CLI-1613,78.0,Mensual,34.43241587701448,11,Si,1,1
CLI-1614,43.0,Mensual,24.33042872432978,51,No,1,0
CLI-1615,80.0,Mensual,119.78983648480883,50,Si,1,1
CLI-1616,50.0,Mensual,20.495633951868157,6,Si,1,1
CLI-1617,67.0,Anual,71.96792683090877,21,Si,0,1
CLI-1618,83.0,Anual,64.26533986568478,2,Si,0,1
CLI-1619,61.0,Anual,70.32668744630006,47,Si,0,1
CLI-1620,55.0,Mensual,61.83997271278502,38,No,1,0
CLI-1621,67.0,Mensual,33.67937222781606,15,No,1,0
CLI-1622,62.0,Mensual,24.838757536614825,10,Si,1,1
CLI-1623,76.0,Anual,79.5123347316243,26,No,0,0
CLI-1624,54.0,Mensual,22.632150405797738,50,No,1,0
CLI-1625,70.0,Mensual,37.146118970263636,26,Si,1,1
CLI-1626,84.0,Mensual,45.594972986277114,20,No,1,0
CLI-1627,34.0,Mensual,76.44702965201927,50,Si,1,1
CLI-1628,74.0,Mensual,76.72688117451104,52,Si,1,1
CLI-1629,44.0,Mensual,106.45619870555933,16,Si,1,1
CLI-1630,35.0,Anual,86.40944191320145,54,Si,0,1
CLI-1631,43.0,Anual,49.81124542400285,6,No,0,0
CLI-1632,30.0,Anual,90.95020170991096,27,Si,0,1
CLI-1634,64.0,Anual,94.32392065180676,66,Si,0,1
CLI-1635,83.0,Mensual,73.79173176738271,57,No,1,0
CLI-1636,61.0,Mensual,52.349195906658046,45,No,1,0
CLI-1637,50.0,Anual,39.6179254157015,26,Si,0,1
CLI-1638,50.0,Mensual,51.1184872610519,57,No,1,0
CLI-1639,56.0,Anual,47.22228800603486,55,Si,0,1
CLI-1640,61.0,Mensual,78.63524432355541,32,No,1,0
CLI-1641,62.0,Mensual,21.03184026178048,20,Si,1,1
CLI-1642,45.0,Anual,77.39424208120516,40,No,0,0
CLI-1643,52.0,Anual,69.34456300011868,38,No,0,0
CLI-1644,41.0,Mensual,34.09314182256682,31,No,1,0
CLI-1645,70.0,Mensual,61.652664740576604,61,No,1,0
CLI-1646,56.0,Mensual,38.276078398886874,29,No,1,0
CLI-1647,80.0,Mensual,118.87365577472468,11,No,1,0
CLI-1648,44.0,Mensual,114.54147468977908,25,No,1,0
CLI-1649,61.0,Mensual,108.74185163438696,51,Si,1,1
CLI-1650,65.0,Mensual,77.50572172344627,29,No,1,0
CLI-1651,81.0,Anual,37.007968496893255,56,No,0,0
CLI-1652,48.0,Mensual,89.46427388295776,49,No,1,0
CLI-1653,47.0,Anual,119.16812203455781,65,No,0,0
CLI-1654,59.0,Anual,115.75297232367869,38,Si,0,1
CLI-1655,83.0,Mensual,68.97448159092937,22,No,1,0
CLI-1656,58.0,Mensual,72.16730485851544,11,Si,1,1
CLI-1657,33.0,Mensual,107.88246669772819,19,No,1,0
CLI-1658,39.0,Anual,73.87040051968017,12,No,0,0
CLI-1659,34.0,Mensual,111.01962305994685,55,No,1,0
CLI-1660,41.0,Anual,63.437834899157025,32,No,0,0
CLI-1661,36.0,Mensual,102.41269405311084,27,No,1,0
CLI-1662,26.0,Mensual,93.58235730210248,9,Si,1,1
CLI-1663,33.0,Anual,47.71014556337672,55,Si,0,1
CLI-1664,61.0,Anual,20.852600615123865,57,No,0,0
CLI-1665,19.0,Mensual,57.212622722698896,59,No,1,0
CLI-1666,55.0,Anual,84.25025249614913,61,No,0,0
CLI-1667,50.0,Mensual,100.92897501304239,8,Si,1,1
CLI-1668,31.0,Mensual,115.38869953585969,43,No,1,0
CLI-1669,71.0,Anual,41.50810490491001,40,Si,0,1
CLI-1670,41.0,Anual,105.444400116691,4,No,0,0
CLI-1671,63.0,Anual,106.04130092386903,46,Si,0,1
CLI-1672,44.0,Anual,103.50866641668408,37,Si,0,1
CLI-1673,68.0,Mensual,74.44151733267134,11,No,1,0
CLI-1674,71.0,Mensual,69.34393952479434,65,No,1,0
CLI-1675,20.0,Anual,57.484636823185426,51,Si,0,1
CLI-1677,84.0,Anual,76.62509240471196,20,Si,0,1
CLI-1678,82.0,Mensual,70.05803792089142,21,Si,1,1
CLI-1679,56.0,Mensual,79.16127449714239,51,No,1,0
CLI-1680,42.0,Anual,118.15117291465808,72,Si,0,1
CLI-1681,64.0,Mensual,30.59255076609632,13,Si,1,1
CLI-1682,50.0,Anual,64.6220001514256,40,Si,0,1
CLI-1683,73.0,Anual,111.55354092683936,15,No,0,0
CLI-1684,26.0,Mensual,96.97361948952357,34,No,1,0
CLI-1685,44.0,Anual,93.57796017125634,24,No,0,0
CLI-1686,58.0,Mensual,60.96592492473496,50,Si,1,1
CLI-1687,85.0,Anual,60.38925087483797,21,No,0,0
CLI-1688,84.0,Anual,84.5180685151799,69,Si,0,1
CLI-1689,29.0,Mensual,79.82858638433504,23,No,1,0
CLI-1690,43.0,Mensual,110.29221127251952,5,Si,1,1
CLI-1691,84.0,Mensual,119.71297631472005,61,Si,1,1
CLI-1692,63.0,Mensual,39.49425146356309,30,Si,1,1
CLI-1693,73.0,Mensual,28.361003556122128,28,No,1,0
CLI-1694,50.0,Mensual,105.31433080827564,35,Si,1,1
CLI-1695,19.0,Anual,56.86785200082061,27,Si,0,1
CLI-1696,46.0,Mensual,62.07383425523894,2,Si,1,1
CLI-1697,67.0,Anual,103.37108268666627,31,No,0,0
CLI-1698,29.0,Anual,88.3828311015657,5,Si,0,1
CLI-1699,67.0,Mensual,91.27108450779642,6,No,1,0
CLI-1700,54.0,Mensual,115.3422277211612,56,Si,1,1
CLI-1701,25.0,Anual,35.07897826244597,32,Si,0,1
CLI-1702,85.0,Anual,60.063368747754794,28,No,0,0
CLI-1703,75.0,Mensual,20.256962861819808,37,No,1,0
CLI-1704,59.0,Mensual,76.2106018124932,37,Si,1,1
CLI-1705,66.0,Anual,26.006957841190406,4,No,0,0
CLI-1706,68.0,Mensual,43.951971721665245,14,No,1,0
CLI-1707,85.0,Mensual,31.742774941364885,51,Si,1,1
CLI-1708,51.0,Mensual,67.47883777835233,30,No,1,0
CLI-1709,52.0,Mensual,41.26172704824022,44,Si,1,1
CLI-1710,44.0,Anual,102.70200417834837,67,No,0,0
CLI-1711,47.0,Mensual,50.314756547504295,46,Si,1,1
CLI-1712,39.0,Anual,45.18899266226131,40,No,0,0
CLI-1713,34.0,Anual,98.37369667013672,17,Si,0,1
CLI-1714,53.0,Anual,45.506450028922934,28,No,0,0
CLI-1715,24.0,Anual,73.2841210513061,39,No,0,0
CLI-1716,53.0,Mensual,32.494431749938144,14,No,1,0
CLI-1717,52.0,Anual,44.72734477215556,69,No,0,0
CLI-1718,42.0,Anual,49.09127908744837,19,No,0,0
CLI-1719,85.0,Mensual,110.11445886844297,30,Si,1,1
CLI-1720,80.0,Mensual,67.60307876060801,39,Si,1,1
CLI-1721,56.0,Anual,48.380928376038895,13,No,0,0
CLI-1722,71.0,Anual,80.52053028731896,6,Si,0,1
CLI-1723,26.0,Mensual,73.2557581923546,39,Si,1,1
CLI-1724,83.0,Mensual,73.49209121235465,25,No,1,0
CLI-1725,66.0,Anual,112.90096279443996,1,No,0,0
CLI-1726,59.0,Anual,78.76570577845845,20,Si,0,1
CLI-1727,31.0,Anual,96.49030494015223,63,No,0,0
CLI-1728,54.0,Anual,50.547535791172386,60,Si,0,1
CLI-1729,27.0,Anual,57.606666897740794,68,No,0,0
CLI-1730,74.0,Anual,81.54453999290894,46,Si,0,1
CLI-1732,68.0,Mensual,39.24669570548008,3,Si,1,1
CLI-1733,22.0,Anual,113.55122664195902,28,No,0,0
CLI-1734,37.0,Anual,104.19343515557544,14,No,0,0
CLI-1735,83.0,Anual,57.95297971073737,31,No,0,0
CLI-1736,36.0,Anual,119.26020563912893,57,No,0,0
CLI-1737,35.0,Mensual,91.409550182723,2,No,1,0
CLI-1738,20.0,Mensual,100.67807721230028,16,No,1,0
CLI-1739,56.0,Anual,60.8967555982342,50,No,0,0
CLI-1740,25.0,Mensual,95.86955094225365,34,No,1,0
CLI-1741,75.0,Anual,112.91152573597859,35,Si,0,1
CLI-1742,52.0,Mensual,55.875441062827974,28,Si,1,1
CLI-1743,64.0,Mensual,66.73887435500916,66,No,1,0
CLI-1744,73.0,Mensual,52.305840245597395,31,Si,1,1
CLI-1745,43.0,Anual,60.723018558414836,60,No,0,0
CLI-1746,38.0,Anual,55.746440255767965,13,No,0,0
CLI-1747,44.0,Anual,34.194587021445145,1,No,0,0
CLI-1748,27.0,Anual,101.9679982156329,51,Si,0,1
CLI-1749,47.0,Anual,66.54505476624166,44,Si,0,1
CLI-1750,52.0,Anual,77.93970823297568,5,Si,0,1
CLI-1751,52.0,Mensual,67.36974840082969,10,No,1,0
CLI-1752,46.0,Mensual,76.43001816188664,21,No,1,0
CLI-1753,51.0,Mensual,47.45230248240662,41,No,1,0
CLI-1754,84.0,Mensual,97.19666606642163,28,Si,1,1
CLI-1755,34.0,Anual,83.1922565574803,16,No,0,0
CLI-1756,57.0,Mensual,88.53789016024827,29,No,1,0
CLI-1757,80.0,Anual,65.52344626982047,19,Si,0,1
CLI-1758,39.0,Anual,117.14039000231058,18,Si,0,1
CLI-1759,59.0,Mensual,24.985827708646152,46,Si,1,1
CLI-1760,53.0,Anual,42.12040970955928,22,No,0,0
CLI-1761,65.0,Mensual,108.34168101136297,35,Si,1,1
CLI-1762,23.0,Mensual,41.50099294081459,2,Si,1,1
CLI-1763,38.0,Anual,41.68567063986111,15,Si,0,1
CLI-1764,20.0,Anual,46.714018852276936,69,Si,0,1
CLI-1765,19.0,Mensual,32.874349883815086,49,Si,1,1
CLI-1766,33.0,Mensual,106.64103111801374,6,Si,1,1
CLI-1767,23.0,Anual,46.06657457150637,12,No,0,0
CLI-1768,70.0,Anual,104.29083051476819,71,Si,0,1
CLI-1769,79.0,Mensual,69.02818976286193,64,No,1,0
CLI-1771,22.0,Anual,40.86408623028212,13,No,0,0
CLI-1772,42.0,Anual,110.41753744940229,36,Si,0,1
CLI-1773,41.0,Mensual,41.229077929826225,26,Si,1,1
CLI-1774,52.0,Mensual,27.553513534230948,54,No,1,0
CLI-1775,74.0,Anual,77.12332049106251,41,Si,0,1
CLI-1776,81.0,Anual,107.34529000701305,12,No,0,0
CLI-1777,45.0,Mensual,99.2258970176354,45,Si,1,1
CLI-1778,38.0,Mensual,78.8232427747844,39,Si,1,1
CLI-1779,37.0,Mensual,73.75282476328456,32,No,1,0
CLI-1780,77.0,Mensual,106.67119685839066,69,No,1,0
CLI-1781,56.0,Mensual,89.10162200695652,46,Si,1,1
CLI-1782,36.0,Mensual,118.95626161077412,42,Si,1,1
CLI-1783,60.0,Mensual,98.53365004688466,41,Si,1,1
CLI-1784,67.0,Mensual,38.5645572755616,24,No,1,0
CLI-1785,34.0,Anual,24.698205942104792,55,No,0,0
CLI-1786,61.0,Anual,119.70782622630657,8,No,0,0
CLI-1787,54.0,Mensual,70.07196103786924,6,No,1,0
CLI-1788,37.0,Mensual,43.7776667525701,67,No,1,0
CLI-1789,48.0,Mensual,90.64405071918985,23,No,1,0
CLI-1790,19.0,Anual,61.779710918150116,48,Si,0,1
CLI-1791,84.0,Mensual,43.464086799819974,36,Si,1,1
CLI-1792,46.0,Anual,50.2343541130689,40,No,0,0
CLI-1793,48.0,Anual,25.938965918893103,44,Si,0,1
CLI-1794,75.0,Anual,32.62439082146024,19,Si,0,1
CLI-1795,58.0,Anual,109.07905711915643,17,No,0,0
CLI-1796,19.0,Anual,30.47318289246444,42,No,0,0
CLI-1797,85.0,Mensual,36.980289028218394,36,Si,1,1
CLI-1798,66.0,Mensual,99.16019768911595,46,No,1,0
CLI-1799,49.0,Anual,36.734489948594714,69,Si,0,1
CLI-1800,82.0,Mensual,116.49817621889879,31,Si,1,1
CLI-1801,53.0,Mensual,96.97164660335011,44,No,1,0
CLI-1802,74.0,Anual,57.22289140270962,34,Si,0,1
CLI-1803,38.0,Mensual,100.77975676278541,72,No,1,0
CLI-1804,44.0,Mensual,87.72963397535167,9,No,1,0
CLI-1805,31.0,Mensual,115.310622246827,59,Si,1,1
CLI-1806,38.0,Anual,41.035741769416276,23,No,0,0
CLI-1807,54.0,Mensual,75.1772734529538,29,No,1,0
CLI-1808,27.0,Mensual,67.19364941787495,60,No,1,0
CLI-1809,52.0,Anual,47.22620019085329,49,No,0,0
CLI-1810,62.0,Mensual,38.74000592762128,47,Si,1,1
CLI-1812,62.0,Mensual,51.0640997267583,4,No,1,0
CLI-1813,64.0,Mensual,84.30917647313107,14,No,1,0
CLI-1814,52.0,Anual,78.50822182895266,9,Si,0,1
CLI-1815,59.0,Anual,67.88725035584365,31,Si,0,1
CLI-1816,64.0,Mensual,27.162265637055754,12,Si,1,1
CLI-1817,75.0,Mensual,111.73063507417548,14,Si,1,1
CLI-1818,69.0,Anual,42.07511724127201,12,Si,0,1
CLI-1819,25.0,Anual,85.5800393079211,27,Si,0,1
CLI-1820,67.0,Anual,93.88001779011891,56,No,0,0
CLI-1821,69.0,Mensual,76.44915176254491,23,Si,1,1
CLI-1822,68.0,Mensual,87.71768884879134,18,No,1,0
CLI-1823,67.0,Mensual,55.744373749600335,33,No,1,0
CLI-1824,63.0,Mensual,108.07541744390281,23,No,1,0
CLI-1825,27.0,Anual,25.706084124875723,69,No,0,0
CLI-1826,24.0,Anual,79.07532582872065,17,No,0,0
CLI-1827,83.0,Anual,35.61600215225233,17,No,0,0
CLI-1828,44.0,Anual,105.3854101161772,72,No,0,0
CLI-1829,46.0,Mensual,34.286829603957216,2,No,1,0
CLI-1830,79.0,Mensual,30.4264026228972,9,No,1,0
CLI-1831,21.0,Anual,104.6519997148962,64,Si,0,1
CLI-1832,83.0,Mensual,53.73264840124358,8,No,1,0
CLI-1833,77.0,Anual,21.648592990491395,36,Si,0,1
CLI-1834,37.0,Anual,48.3678039763475,4,No,0,0
CLI-1835,37.0,Anual,106.15211733791796,62,No,0,0
CLI-1836,62.0,Anual,40.5069114199716,50,Si,0,1
CLI-1837,52.0,Mensual,116.26975956239885,42,Si,1,1
CLI-1838,55.0,Anual,55.20343569509726,66,No,0,0
CLI-1839,62.0,Anual,85.12570786564926,66,Si,0,1
CLI-1841,30.0,Anual,51.303588892083546,22,Si,0,1
CLI-1842,19.0,Anual,111.77509381352371,18,No,0,0
CLI-1843,61.0,Mensual,59.558086730491546,10,No,1,0
CLI-1844,30.0,Mensual,40.70107373265002,58,Si,1,1
CLI-1845,49.0,Mensual,34.44078570691681,5,No,1,0
CLI-1846,20.0,Mensual,81.0864423136753,59,Si,1,1
CLI-1847,81.0,Anual,52.55668367850044,60,No,0,0
CLI-1848,52.0,Mensual,109.75234749072075,68,No,1,0
CLI-1849,76.0,Anual,34.90308790282951,71,Si,0,1
CLI-1850,51.0,Anual,51.75602731589906,2,No,0,0
CLI-1851,73.0,Mensual,101.29921712386742,60,Si,1,1
CLI-1852,41.0,Mensual,110.51162168369697,18,Si,1,1
CLI-1853,81.0,Anual,113.46711096042881,40,Si,0,1
CLI-1854,38.0,Anual,65.51234336861765,6,No,0,0
CLI-1855,73.0,Mensual,71.83498079073573,30,Si,1,1
CLI-1856,47.0,Anual,44.808593417497974,38,No,0,0
CLI-1857,67.0,Anual,38.724368900711056,27,Si,0,1
CLI-1858,18.0,Mensual,31.733270524699524,54,No,1,0
CLI-1859,52.0,Mensual,51.16466848457892,42,No,1,0
CLI-1860,66.0,Anual,55.8730085759556,18,Si,0,1
CLI-1861,76.0,Mensual,113.99944440214016,28,Si,1,1
CLI-1862,77.0,Mensual,55.55555882629536,14,No,1,0
CLI-1863,40.0,Mensual,105.3141882767951,19,No,1,0
CLI-1864,48.0,Mensual,36.05521371727846,48,No,1,0
CLI-1865,73.0,Mensual,86.36027610861147,48,No,1,0
CLI-1866,60.0,Anual,78.64631886950681,36,Si,0,1
CLI-1867,57.0,Mensual,43.64759826567714,19,No,1,0
CLI-1868,54.0,Anual,63.4289323913716,6,Si,0,1
CLI-1869,28.0,Anual,31.06677278007451,22,Si,0,1
CLI-1870,68.0,Mensual,24.055637497627163,48,No,1,0
CLI-1871,36.0,Anual,44.44111754545084,25,No,0,0
CLI-1872,84.0,Anual,92.82250905360115,7,Si,0,1
CLI-1873,53.0,Anual,70.6590522698531,38,Si,0,1
CLI-1875,33.0,Mensual,25.923453632833986,34,No,1,0
CLI-1876,25.0,Anual,117.71554777797587,64,No,0,0
CLI-1877,38.0,Anual,48.245491685246336,33,Si,0,1
CLI-1878,52.0,Anual,24.697109761451934,21,No,0,0
CLI-1879,46.0,Anual,52.83952150049946,55,Si,0,1
CLI-1880,49.0,Mensual,29.276698566804154,4,No,1,0
CLI-1881,71.0,Anual,58.06684470320039,60,Si,0,1
CLI-1882,40.0,Anual,50.50584305404509,58,No,0,0
CLI-1883,19.0,Anual,111.40281869547655,62,No,0,0
CLI-1884,38.0,Anual,93.38023219173276,67,Si,0,1
CLI-1887,57.0,Anual,41.74660994503215,52,No,0,0
CLI-1888,42.0,Mensual,70.68578763212675,28,Si,1,1
CLI-1889,25.0,Anual,100.65309293781205,34,No,0,0
CLI-1890,68.0,Anual,98.76383914935373,11,Si,0,1
CLI-1891,47.0,Mensual,27.696041089206417,47,Si,1,1
CLI-1892,42.0,Anual,57.97785504757839,23,Si,0,1
CLI-1894,43.0,Mensual,53.98477012841866,17,No,1,0
CLI-1895,63.0,Mensual,44.465066130819125,1,No,1,0
CLI-1896,78.0,Anual,67.76125445008773,18,Si,0,1
CLI-1897,43.0,Anual,92.74326131580656,54,Si,0,1
CLI-1898,37.0,Mensual,81.24728611275458,72,No,1,0
CLI-1899,45.0,Mensual,70.83565253775942,28,No,1,0
CLI-1900,23.0,Mensual,60.26942451412056,21,Si,1,1
CLI-1901,58.0,Anual,99.60389789516623,18,No,0,0
CLI-1902,31.0,Anual,67.44249160080466,18,Si,0,1
CLI-1903,26.0,Anual,88.00332833571524,69,Si,0,1
CLI-1904,67.0,Anual,62.96696336022512,9,No,0,0
CLI-1905,25.0,Anual,47.7249427624386,24,No,0,0
CLI-1906,67.0,Anual,53.842539795653224,70,No,0,0
CLI-1907,46.0,Mensual,44.99886022067346,1,Si,1,1
CLI-1908,69.0,Anual,68.52153661964107,44,No,0,0
CLI-1909,72.0,Anual,117.89216392309919,25,Si,0,1
CLI-1910,39.0,Mensual,41.61284553528632,40,No,1,0
CLI-1911,58.0,Anual,69.94325087919991,37,No,0,0
CLI-1912,46.0,Anual,94.64875102958854,24,Si,0,1
CLI-1913,77.0,Anual,49.87688483662231,13,Si,0,1
CLI-1914,52.0,Anual,58.137219826721,2,No,0,0
CLI-1915,68.0,Anual,99.95922870609226,44,Si,0,1
CLI-1916,43.0,Mensual,67.76079253869486,6,Si,1,1
CLI-1917,61.0,Mensual,82.65748993712306,29,No,1,0
CLI-1918,74.0,Anual,77.67110164994429,49,No,0,0
CLI-1919,44.0,Mensual,69.4522538272532,31,Si,1,1
CLI-1920,33.0,Mensual,80.2990903674249,50,Si,1,1
CLI-1921,37.0,Anual,63.13635123767662,54,No,0,0
CLI-1922,39.0,Anual,47.394207044036555,62,Si,0,1
CLI-1923,22.0,Anual,85.67431614674784,33,No,0,0
CLI-1924,58.0,Mensual,28.28171282248111,32,Si,1,1
CLI-1925,26.0,Anual,80.06273079041777,61,Si,0,1
CLI-1926,33.0,Anual,58.09545088916888,57,No,0,0
CLI-1927,82.0,Mensual,45.22316644433381,23,No,1,0
CLI-1928,37.0,Mensual,68.73411115111844,65,Si,1,1
CLI-1929,78.0,Anual,58.75478379673473,12,No,0,0
CLI-1930,40.0,Mensual,30.98817785957793,44,Si,1,1
CLI-1931,85.0,Anual,64.9916504564632,12,Si,0,1
CLI-1932,28.0,Mensual,70.12449978987246,71,Si,1,1
CLI-1933,48.0,Mensual,78.11088207228846,35,No,1,0
CLI-1934,54.0,Mensual,60.163106397281766,46,No,1,0
CLI-1935,76.0,Mensual,105.28076210290246,46,No,1,0
CLI-1936,42.0,Anual,69.18739587715518,47,Si,0,1
CLI-1937,65.0,Mensual,32.191106616209844,46,No,1,0
CLI-1938,85.0,Mensual,61.84416716471926,2,Si,1,1
CLI-1939,84.0,Mensual,72.22965723442317,22,No,1,0
CLI-1940,24.0,Mensual,64.6176284702471,33,No,1,0
CLI-1941,34.0,Mensual,92.73979177555975,17,Si,1,1
CLI-1942,42.0,Mensual,27.83482634927013,1,Si,1,1
CLI-1943,70.0,Anual,95.59433276310908,26,Si,0,1
CLI-1944,60.0,Anual,88.68241293999962,72,No,0,0
CLI-1945,78.0,Anual,54.98521422171952,11,No,0,0
CLI-1946,70.0,Mensual,36.70238542304014,33,Si,1,1
CLI-1947,27.0,Anual,83.73606586503129,16,No,0,0
CLI-1948,52.0,Anual,59.465496848932716,40,No,0,0
CLI-1949,68.0,Anual,51.709095843753566,35,Si,0,1
CLI-1950,61.0,Anual,97.35742282950326,40,Si,0,1
CLI-1951,43.0,Anual,78.509044595421,10,No,0,0
CLI-1952,80.0,Mensual,83.76011351696866,21,No,1,0
CLI-1953,83.0,Anual,45.12187068980457,64,Si,0,1
CLI-1954,48.0,Mensual,57.83872271774392,18,No,1,0
CLI-1955,30.0,Mensual,83.62329385027678,4,Si,1,1
CLI-1956,66.0,Mensual,116.34538317771772,39,No,1,0
CLI-1957,74.0,Mensual,57.54697797763802,31,Si,1,1
CLI-1958,55.0,Anual,54.02877817991663,56,Si,0,1
CLI-1959,50.0,Anual,112.63024189854752,28,No,0,0
CLI-1960,81.0,Anual,98.75970388957607,12,Si,0,1
CLI-1961,47.0,Mensual,36.8845687135469,35,Si,1,1
CLI-1962,73.0,Mensual,108.06190449875353,43,No,1,0
CLI-1963,31.0,Mensual,78.11233833579546,38,Si,1,1
CLI-1964,72.0,Anual,39.19502818190636,39,Si,0,1
CLI-1965,50.0,Anual,89.94499885676558,42,Si,0,1
CLI-1966,52.0,Anual,66.62704459157212,7,Si,0,1
CLI-1967,58.0,Mensual,97.56543649739078,48,No,1,0
CLI-1968,52.0,Mensual,96.01472415234947,42,Si,1,1
CLI-1969,59.0,Anual,86.30505712965139,10,Si,0,1
CLI-1970,22.0,Anual,86.75227822680158,40,No,0,0
CLI-1971,49.0,Mensual,22.86098282495263,71,No,1,0
CLI-1972,30.0,Mensual,71.57954639219835,19,No,1,0
CLI-1973,20.0,Anual,42.89325611956296,58,No,0,0
CLI-1974,59.0,Anual,73.71480105786489,5,Si,0,1
CLI-1975,69.0,Mensual,103.37910756213188,34,No,1,0
CLI-1976,66.0,Anual,36.35335205438764,18,Si,0,1
CLI-1977,84.0,Mensual,41.21420479616535,68,Si,1,1
CLI-1979,76.0,Mensual,39.874493695022764,7,No,1,0
CLI-1980,70.0,Mensual,87.90092084848442,7,Si,1,1
CLI-1981,81.0,Mensual,54.216089738178276,29,No,1,0
CLI-1982,52.0,Anual,24.914102007784003,21,Si,0,1
CLI-1983,41.0,Anual,39.21185239121047,52,No,0,0
CLI-1984,73.0,Mensual,74.58633150421912,20,No,1,0
CLI-1985,53.0,Mensual,65.68424972523988,11,No,1,0
CLI-1986,82.0,Anual,50.030495726571914,46,No,0,0
CLI-1987,67.0,Anual,42.449594848781,44,No,0,0
CLI-1988,32.0,Mensual,37.41050168774447,21,Si,1,1
CLI-1989,70.0,Anual,95.37507122510326,46,Si,0,1
CLI-1990,68.0,Anual,32.89913030203239,21,Si,0,1
CLI-1991,68.0,Mensual,113.70592715208971,61,No,1,0
CLI-1992,33.0,Mensual,65.69466505158934,32,No,1,0
CLI-1993,53.0,Anual,41.507569185822184,7,No,0,0
CLI-1994,51.0,Anual,83.94245795826865,67,Si,0,1
CLI-1995,83.0,Anual,112.656307931947,35,Si,0,1
CLI-1996,32.0,Mensual,39.781221725909546,68,No,1,0
CLI-1997,64.0,Mensual,39.382108527061526,71,No,1,0
CLI-1998,75.0,Anual,73.87000109530894,38,No,0,0
CLI-1999,20.0,Mensual,118.06562716398814,23,No,1,0
CLI-2000,65.0,Anual,78.03546754157131,27,No,0,0
CLI-2001,27.0,Anual,93.17258470022463,55,Si,0,1
CLI-2002,28.0,Anual,44.1088033502469,37,No,0,0
CLI-2003,35.0,Anual,54.99065511803651,26,Si,0,1
CLI-2004,60.0,Anual,50.913325259236025,3,No,0,0
CLI-2005,62.0,Anual,84.380240044258,12,No,0,0
CLI-2006,84.0,Mensual,32.302978264353236,14,No,1,0
CLI-2007,68.0,Anual,111.84351341759026,72,Si,0,1
CLI-2008,61.0,Anual,80.32495054947671,59,Si,0,1
CLI-2009,82.0,Anual,84.1844944008029,9,Si,0,1
CLI-2010,52.0,Mensual,71.72287823956785,56,Si,1,1
CLI-2011,49.0,Mensual,43.54071996337015,46,No,1,0
CLI-2012,36.0,Mensual,106.40295989729229,66,Si,1,1
CLI-2013,83.0,Mensual,45.66884961749165,59,No,1,0
CLI-2014,60.0,Mensual,60.865092124357375,59,No,1,0
CLI-2015,81.0,Mensual,82.92413690217003,57,No,1,0
CLI-2016,85.0,Anual,41.75334041494968,48,Si,0,1
CLI-2017,77.0,Mensual,34.12471794481067,42,No,1,0
CLI-2018,22.0,Anual,66.70654656962786,27,Si,0,1
CLI-2019,73.0,Anual,58.494462866315715,71,Si,0,1
CLI-2020,72.0,Mensual,31.15729066010148,37,Si,1,1
CLI-2021,63.0,Anual,32.33557203899274,41,No,0,0
CLI-2022,84.0,Mensual,73.55560074992403,58,No,1,0
CLI-2023,24.0,Anual,73.16677231300363,16,Si,0,1
CLI-2024,24.0,Anual,106.63839568950577,26,Si,0,1
CLI-2025,72.0,Mensual,81.53643510849648,11,Si,1,1
CLI-2026,84.0,Anual,102.31061251242686,65,Si,0,1
CLI-2027,52.0,Anual,67.80410347901169,42,Si,0,1
CLI-2028,84.0,Mensual,82.2095165226138,57,Si,1,1
CLI-2029,59.0,Anual,56.97326340330981,30,Si,0,1
CLI-2030,19.0,Anual,108.50072517541895,3,Si,0,1
CLI-2031,72.0,Anual,43.113634123177484,35,Si,0,1
CLI-2032,36.0,Anual,58.244651165093366,57,No,0,0
CLI-2033,77.0,Anual,91.25156005106392,13,Si,0,1
CLI-2034,38.0,Anual,22.26417839401549,38,No,0,0
CLI-2035,72.0,Mensual,104.59550557248492,29,Si,1,1
CLI-2036,61.0,Mensual,64.75420784634099,3,Si,1,1
CLI-2037,54.0,Mensual,28.973007530070866,59,No,1,0
CLI-2038,22.0,Anual,93.33892916948791,36,Si,0,1
CLI-2039,84.0,Anual,58.977048003623224,55,No,0,0
CLI-2040,57.0,Mensual,46.337722530693455,2,No,1,0
CLI-2041,36.0,Anual,45.343019668733135,33,Si,0,1
CLI-2042,35.0,Mensual,104.51464776212505,14,Si,1,1
CLI-2043,46.0,Anual,82.72183091428691,7,No,0,0
CLI-2044,37.0,Anual,56.86206304063697,62,Si,0,1
CLI-2045,42.0,Anual,57.661952834497804,7,Si,0,1
CLI-2046,52.0,Mensual,24.576294801293912,12,Si,1,1
CLI-2047,25.0,Mensual,27.08607681574227,67,No,1,0
CLI-2048,58.0,Anual,26.920868158075145,10,No,0,0
CLI-2049,23.0,Mensual,26.63316471434522,63,No,1,0
CLI-2050,70.0,Mensual,103.61799600587803,50,No,1,0
CLI-2051,34.0,Mensual,83.70543431563706,49,No,1,0
CLI-2052,40.0,Mensual,85.86048159037871,54,No,1,0
CLI-2053,24.0,Anual,112.30793772496952,10,Si,0,1
CLI-2054,30.0,Anual,22.9904014825912,9,No,0,0
CLI-2055,62.0,Anual,86.81741785622916,22,No,0,0
CLI-2056,26.0,Mensual,36.558574656900674,29,Si,1,1
CLI-2057,37.0,Anual,75.24301819270542,42,No,0,0
CLI-2058,68.0,Mensual,73.19287708163091,28,No,1,0
CLI-2059,42.0,Anual,68.8790302835877,2,No,0,0
CLI-2060,82.0,Mensual,119.33593498631453,40,Si,1,1
CLI-2061,52.0,Anual,91.46918720098844,69,No,0,0
CLI-2062,33.0,Anual,25.222151157994038,4,No,0,0
CLI-2063,31.0,Anual,32.621635171852716,26,No,0,0
CLI-2064,75.0,Mensual,58.32008587724518,35,No,1,0
CLI-2065,71.0,Anual,94.10667590015512,55,No,0,0
CLI-2066,72.0,Mensual,49.27631840448657,10,No,1,0
CLI-2067,23.0,Anual,112.9762720742312,22,Si,0,1
CLI-2068,36.0,Mensual,116.13243055952456,51,Si,1,1
CLI-2069,78.0,Mensual,29.574151031873633,51,Si,1,1
CLI-2070,64.0,Anual,94.65899435268284,13,No,0,0
CLI-2071,79.0,Anual,64.97672581645071,59,Si,0,1
CLI-2072,56.0,Anual,89.59172183145552,37,No,0,0
CLI-2073,47.0,Anual,35.66641848354473,11,Si,0,1
CLI-2074,18.0,Anual,59.23036897691317,46,No,0,0
CLI-2075,48.0,Mensual,72.46902161365821,24,Si,1,1
CLI-2076,25.0,Anual,25.75516833901376,17,Si,0,1
CLI-2077,36.0,Mensual,75.57879579061358,6,Si,1,1
CLI-2078,25.0,Mensual,107.43185302224936,34,Si,1,1
CLI-2079,68.0,Mensual,88.36992836493295,53,Si,1,1
CLI-2080,76.0,Mensual,64.18392011973373,19,No,1,0
CLI-2081,31.0,Mensual,106.16508749864366,69,Si,1,1
CLI-2082,47.0,Mensual,111.13007259697459,32,No,1,0
CLI-2083,37.0,Anual,57.324886047358305,54,Si,0,1
CLI-2084,45.0,Mensual,49.94261884739271,58,Si,1,1
CLI-2085,60.0,Mensual,33.14220784568717,2,No,1,0
CLI-2086,48.0,Anual,82.98045955651673,13,Si,0,1
CLI-2087,35.0,Anual,119.88810760899072,60,Si,0,1
CLI-2089,53.0,Mensual,36.09451859450063,56,No,1,0
CLI-2090,25.0,Mensual,103.25020718905112,33,Si,1,1
CLI-2091,45.0,Mensual,103.37777728171812,47,Si,1,1
CLI-2092,79.0,Mensual,117.82819647313002,28,Si,1,1
CLI-2093,54.0,Mensual,76.58334754181783,55,No,1,0
CLI-2094,42.0,Mensual,59.67630520536658,6,No,1,0
CLI-2095,34.0,Mensual,54.27460304044963,18,No,1,0
CLI-2096,35.0,Anual,117.69326851932777,20,No,0,0
CLI-2097,42.0,Mensual,66.87672944596417,24,No,1,0
CLI-2098,34.0,Anual,64.35885376220216,10,Si,0,1
CLI-2099,46.0,Anual,29.788300775244196,15,Si,0,1
CLI-2100,21.0,Mensual,67.258662572081,29,No,1,0
CLI-2101,55.0,Mensual,104.76148526370383,46,Si,1,1
CLI-2102,70.0,Anual,37.31816415122116,64,Si,0,1
CLI-2103,42.0,Anual,96.46616640290348,25,No,0,0
CLI-2104,47.0,Mensual,41.72746585795243,15,Si,1,1
CLI-2105,48.0,Anual,109.36736518214718,71,No,0,0
CLI-2106,46.0,Mensual,20.81207883661626,14,Si,1,1
CLI-2107,54.0,Mensual,73.66751181615533,61,No,1,0
CLI-2108,85.0,Anual,81.58103103237525,44,Si,0,1
CLI-2109,36.0,Anual,62.51122029910989,72,No,0,0
CLI-2110,52.0,Mensual,49.97423676176295,10,No,1,0
CLI-2111,32.0,Mensual,81.61995859376435,26,Si,1,1
CLI-2112,43.0,Anual,40.695909401656664,18,No,0,0
CLI-2113,28.0,Anual,116.60526489739925,34,Si,0,1
CLI-2115,52.0,Anual,83.6717537996811,30,Si,0,1
CLI-2116,63.0,Mensual,115.40656891429194,36,Si,1,1
CLI-2117,51.0,Anual,82.41677500596043,59,No,0,0
CLI-2118,67.0,Anual,101.5356057101534,60,No,0,0
CLI-2119,28.0,Anual,60.4124403002301,14,No,0,0
CLI-2120,42.0,Mensual,53.566708343965736,40,No,1,0
CLI-2121,68.0,Anual,47.97099488854157,33,No,0,0
CLI-2122,59.0,Mensual,68.23137308593749,9,Si,1,1
CLI-2123,38.0,Mensual,23.493114213310744,55,Si,1,1
CLI-2124,27.0,Mensual,64.68211803021335,41,No,1,0
CLI-2125,18.0,Mensual,74.30239597209592,3,Si,1,1
CLI-2126,72.0,Mensual,105.18775023359548,12,Si,1,1
CLI-2127,30.0,Anual,64.28228331689085,18,Si,0,1
CLI-2128,84.0,Mensual,84.13923706879407,1,Si,1,1
CLI-2129,75.0,Mensual,53.152177257307,47,Si,1,1
CLI-2130,24.0,Anual,80.28151161269624,43,Si,0,1
CLI-2131,71.0,Anual,53.669247335227006,44,Si,0,1
CLI-2132,29.0,Mensual,45.43580543178867,7,Si,1,1
CLI-2133,67.0,Anual,107.31803427670877,41,Si,0,1
CLI-2134,52.0,Anual,42.00175771960522,25,No,0,0
CLI-2135,26.0,Mensual,83.43116688653893,36,Si,1,1
CLI-2136,51.0,Anual,57.68708409046556,44,Si,0,1
CLI-2137,44.0,Anual,76.44036570972366,55,No,0,0
CLI-2138,85.0,Anual,70.43092693174665,12,No,0,0
CLI-2139,40.0,Mensual,29.26642119063895,54,Si,1,1
CLI-2140,73.0,Mensual,41.62354496756728,14,Si,1,1
CLI-2141,52.0,Mensual,71.91460286925766,59,No,1,0
CLI-2142,25.0,Mensual,56.752234869823766,14,No,1,0
CLI-2143,53.0,Mensual,84.78682329797326,53,No,1,0
CLI-2144,30.0,Anual,93.24659304341151,10,Si,0,1
CLI-2145,63.0,Anual,110.84305598978796,56,Si,0,1
CLI-2146,24.0,Anual,99.69912560708381,43,Si,0,1
CLI-2147,44.0,Mensual,114.05315581193291,37,Si,1,1
CLI-2148,38.0,Anual,103.22370858494313,6,No,0,0
CLI-2149,57.0,Anual,63.09809943472895,53,Si,0,1
CLI-2150,66.0,Mensual,71.81952977825867,1,No,1,0
CLI-2151,77.0,Mensual,70.81394551241544,64,Si,1,1
CLI-2152,55.0,Mensual,92.27191149846047,25,No,1,0
CLI-2153,64.0,Mensual,51.31365256309668,31,Si,1,1
CLI-2154,41.0,Anual,59.53667034815736,7,Si,0,1
CLI-2155,69.0,Anual,108.94345107582944,68,No,0,0
CLI-2156,84.0,Mensual,33.25111287992128,15,No,1,0
CLI-2157,84.0,Anual,110.66224630527682,56,Si,0,1
CLI-2158,52.0,Mensual,119.67876228968979,2,No,1,0
CLI-2159,52.0,Mensual,107.19409977789029,41,No,1,0
CLI-2160,58.0,Mensual,31.534431722887952,72,No,1,0
CLI-2161,52.0,Anual,40.1568424648697,8,Si,0,1
CLI-2162,37.0,Mensual,115.56772916970716,38,Si,1,1
CLI-2163,57.0,Mensual,117.82208527848788,3,No,1,0
CLI-2164,33.0,Mensual,48.19384472803122,29,No,1,0
CLI-2165,78.0,Mensual,96.10802551843551,22,Si,1,1
CLI-2166,81.0,Anual,46.9011894781654,68,Si,0,1
CLI-2167,82.0,Mensual,113.29774533369459,24,No,1,0
CLI-2169,36.0,Anual,76.23742280482321,24,No,0,0
CLI-2170,28.0,Anual,45.96602871589955,38,No,0,0
CLI-2171,52.0,Mensual,97.99711943957058,65,Si,1,1
CLI-2172,81.0,Mensual,90.81846012379964,14,Si,1,1
CLI-2173,77.0,Mensual,88.84426484868791,43,No,1,0
CLI-2174,44.0,Anual,71.65970018122522,7,No,0,0
CLI-2175,39.0,Mensual,64.07621952874396,51,No,1,0
CLI-2176,39.0,Mensual,78.13390190942923,16,Si,1,1
CLI-2177,30.0,Anual,21.98625699581151,54,No,0,0
CLI-2178,35.0,Anual,35.52375340506957,67,No,0,0
CLI-2179,52.0,Anual,32.46139945613422,52,No,0,0
CLI-2180,35.0,Mensual,62.13995797765791,60,Si,1,1
CLI-2181,46.0,Anual,111.21817124509144,35,Si,0,1
CLI-2182,76.0,Mensual,59.325926919417974,53,Si,1,1
CLI-2183,19.0,Anual,114.91111786379135,31,No,0,0
CLI-2184,22.0,Anual,80.74478665169521,3,No,0,0
CLI-2185,68.0,Anual,113.2020722707354,71,Si,0,1
CLI-2186,20.0,Anual,93.75425088949414,32,Si,0,1
CLI-2187,83.0,Anual,20.60081706252997,33,No,0,0
CLI-2188,18.0,Anual,95.99641807632888,72,Si,0,1
CLI-2190,74.0,Anual,115.96262935849835,54,No,0,0
CLI-2191,43.0,Mensual,92.70298091801082,6,Si,1,1
CLI-2192,25.0,Anual,61.90583249753973,63,No,0,0
CLI-2193,34.0,Mensual,119.51325195283336,69,No,1,0
CLI-2194,40.0,Mensual,93.31753978462609,34,Si,1,1
CLI-2195,26.0,Mensual,76.27611814136517,36,Si,1,1
CLI-2196,52.0,Mensual,28.895986524194065,66,No,1,0
CLI-2197,27.0,Anual,33.749173790723745,67,No,0,0
CLI-2198,59.0,Anual,66.64349451863666,10,No,0,0
CLI-2199,26.0,Mensual,94.55864927930625,56,No,1,0
